INSERT INTO models VALUES (8770, 'M', 'White shoes', 'White casual shoes with a zipper', 45.00);
INSERT INTO models VALUES (8771, 'M', 'White Smoke shoes', 'Shoes with three stripes on the side', 100.00);
INSERT INTO models VALUES (8772, 'M', 'Nike Soccer shoes', 'Nike red cleat', 65.00);
INSERT INTO models VALUES (8773, 'F', 'NB Running shoes', 'NB running shoes multicolor', 89.00);
INSERT INTO models VALUES (8774, 'M', 'Brown Dress Shoes', 'Brown dress shoes with no lace', 78.00);
INSERT INTO models VALUES (8775, 'M', 'Formal Brown Shoes', 'Formal brown shoes with lace', 90.00);
INSERT INTO models VALUES (8776, 'M', 'Casual White shoe', 'High-rise vintage shoe with brown tread', 150.00);
INSERT INTO models VALUES (8777, 'M', 'Comfortable gray shoe', 'Speckled gray shoe with stripes', 125.00);
INSERT INTO models VALUES (8778, 'M', 'Multi-color athletic shoe', 'Vibrant shoe for sports', 99.00);
INSERT INTO models VALUES (8779, 'F', 'Casual boot shoe', 'Perfect for any terrain', 125.00);
INSERT INTO models VALUES (8780, 'F', 'Elegant womens heels', 'High heels for a special occasion', 199.00);
INSERT INTO models VALUES (8781, 'F', 'Shiny shoes', 'Shimmering casual shoes', 99.00);
INSERT INTO colors VALUES (255255255, 8770, 'M', 'https://unsplash.com/photos/VJIL_YZrpyQ', 'https://unsplash.com/photos/VJIL_YZrpyQ', 'https://unsplash.com/photos/VJIL_YZrpyQ');
INSERT INTO colors VALUES (245245245, 8771, 'M', 'https://unsplash.com/photos/82fp_wYFXuo', 'https://unsplash.com/photos/82fp_wYFXuo', 'https://unsplash.com/photos/82fp_wYFXuo');
INSERT INTO colors VALUES (220220220, 8772, 'M', 'https://unsplash.com/photos/GgEtIbD0hVo', 'https://unsplash.com/photos/GgEtIbD0hVo', 'https://unsplash.com/photos/GgEtIbD0hVo');
INSERT INTO colors VALUES (211211211, 8773, 'F', 'https://unsplash.com/photos/fUEP0djb1hA', 'https://unsplash.com/photos/fUEP0djb1hA', 'https://unsplash.com/photos/fUEP0djb1hA');
INSERT INTO colors VALUES (192192192, 8774, 'M', 'https://unsplash.com/photos/VWfRT1QTFEE', 'https://unsplash.com/photos/VWfRT1QTFEE', 'https://unsplash.com/photos/VWfRT1QTFEE');
INSERT INTO colors VALUES (169169169, 8775, 'M', 'https://unsplash.com/photos/ZIW_wcbjKLw', 'https://unsplash.com/photos/ZIW_wcbjKLw', 'https://unsplash.com/photos/ZIW_wcbjKLw');
INSERT INTO colors VALUES (255255255, 8776, 'M', 'https://unsplash.com/photos/ad047kyPBh8', 'https://unsplash.com/photos/ad047kyPBh8', 'https://unsplash.com/photos/ad047kyPBh8');
INSERT INTO colors VALUES (272155255, 8777, 'M', 'https://unsplash.com/photos/Mp0qYV0fCfA', 'https://unsplash.com/photos/Mp0qYV0fCfA', 'https://unsplash.com/photos/Mp0qYV0fCfA');
INSERT INTO colors VALUES (312211232, 8778, 'M', 'https://unsplash.com/photos/Cbh93NpfWeg', 'https://unsplash.com/photos/Cbh93NpfWeg', 'https://unsplash.com/photos/Cbh93NpfWeg');
INSERT INTO colors VALUES (169169169, 8779, 'F', 'https://unsplash.com/photos/Uc4RBL4edEc', 'https://unsplash.com/photos/Uc4RBL4edEc', 'https://unsplash.com/photos/Uc4RBL4edEc');
INSERT INTO colors VALUES (255257777, 8780, 'F', 'https://unsplash.com/photos/9ttgG-BqpzQ', 'https://unsplash.com/photos/9ttgG-BqpzQ', 'https://unsplash.com/photos/9ttgG-BqpzQ');
INSERT INTO colors VALUES (255221231, 8781, 'F', 'https://unsplash.com/photos/BIkif7IMZSQ', 'https://unsplash.com/photos/BIkif7IMZSQ', 'https://unsplash.com/photos/BIkif7IMZSQ');
INSERT INTO shoes VALUES (6789, 8770, 'M', 'Available', 8.0);
INSERT INTO shoes VALUES (6790, 8770, 'M', 'Available', 8.0);
INSERT INTO shoes VALUES (6791, 8770, 'M', 'Available', 12.0);
INSERT INTO shoes VALUES (5678, 8771, 'M', 'Available', 9.0);
INSERT INTO shoes VALUES (7853, 8772, 'M', 'Available', 8.0);
INSERT INTO shoes VALUES (7854, 8772, 'M', 'Out of stock', 9.0);
INSERT INTO shoes VALUES (7855, 8772, 'M', 'Available', 8.0);
INSERT INTO shoes VALUES (1254, 8773, 'F', 'Available', 10.0);
INSERT INTO shoes VALUES (5742, 8774, 'M', 'Available', 11.0);
INSERT INTO shoes VALUES (6855, 8775, 'M', 'Out of stock', 9.0);
INSERT INTO shoes VALUES (2133, 8776, 'M', 'Available', 9.0);
INSERT INTO shoes VALUES (2134, 8776, 'M', 'Available', 8.0);
INSERT INTO shoes VALUES (2135, 8776, 'M', 'Available', 8.5);
INSERT INTO shoes VALUES (2136, 8776, 'M', 'Available', 11.0);
INSERT INTO shoes VALUES (2139, 8777, 'M', 'Available', 10.0);
INSERT INTO shoes VALUES (2140, 8777, 'M', 'Available', 10.0);
INSERT INTO shoes VALUES (2141, 8777, 'M', 'Available', 9.0);
INSERT INTO shoes VALUES (2142, 8777, 'M', 'Available', 8.0);
INSERT INTO shoes VALUES (1233, 8778, 'M', 'Out of stock', 10.5);
INSERT INTO shoes VALUES (2123, 8779, 'F', 'Out of stock', 8.0);
INSERT INTO shoes VALUES (9832, 8780, 'F', 'Available', 10.0);
INSERT INTO shoes VALUES (9833, 8780, 'F', 'Available', 10.0);
INSERT INTO shoes VALUES (9834, 8780, 'F', 'Available', 10.0);
INSERT INTO shoes VALUES (10210, 8780, 'F', 'Available', 8.5);
INSERT INTO shoes VALUES (1243, 8781, 'F', 'Available', 7.0);
INSERT INTO shoes VALUES (1244, 8781, 'F', 'Available', 8.0);
INSERT INTO shoes VALUES (1245, 8781, 'F', 'Available', 7.0);
INSERT INTO shoes VALUES (1246, 8781, 'F', 'Available', 8.0);
INSERT INTO shoes VALUES (1247, 8781, 'F', 'Available', 8.0);
INSERT INTO casual_shoes VALUES (8770, 'M');
INSERT INTO casual_shoes VALUES (8771, 'M');
INSERT INTO casual_shoes VALUES (8776, 'M');
INSERT INTO casual_shoes VALUES (8777, 'M');
INSERT INTO casual_shoes VALUES (8779, 'F');
INSERT INTO casual_shoes VALUES (8781, 'F');
INSERT INTO sport_shoes VALUES (8772, 'M');
INSERT INTO sport_shoes VALUES (8773, 'F');
INSERT INTO sport_shoes VALUES (8778, 'M');
INSERT INTO dress_shoes VALUES (8774, 'M');
INSERT INTO dress_shoes VALUES (8775, 'M');
INSERT INTO dress_shoes VALUES (8780, 'F');
INSERT INTO customers VALUES ('saleh.bakhit@mail.mcgill.ca', 'salehbakh', '123456', 'M', '1995-11-22', '3445 Hutchison Street, H2X 2G2, Montreal, QC, Canada');
INSERT INTO customers VALUES ('afreen.aliya@mail.mcgill.ca ', 'afreenal', '654321', 'F', '1990-10-12', ' 123 random street, H2X 2GG, Montreal, QC, Canada');
INSERT INTO customers VALUES ('sami.sahnoune@mail.mcgill.ca ', 'samisahn', 'hasd!', 'M', '1993-01-01', '3484 rue Hutchison, H2X 2G8, Montreal, QC, Canada');
INSERT INTO customers VALUES ('ahmed.jamoussi@mail.mcgill.ca', 'ahmedjam', '21836dg!', 'M', '1994-12-05', '3476 Drummond St, H2X 2G8, Montreal, QC, Canada');
INSERT INTO customers VALUES ('emily.rando@mail.mcgill.ca ', 'emily', 'iudv3', 'M', '1995-01-01', '3477 Drummond St, H2X 2G8, Montreal, QC, Canada');
INSERT INTO customers VALUES ('johnny.smith@mail.mcgill.ca ', 'johnnysmith', 'iudv3', 'M', '1995-01-02', '3478 Drummond St, H2X 2G8, Montreal, QC, Canada');
INSERT INTO customers VALUES ('jon.smith@mail.mcgill.ca ', 'jonsmith', 'iudv3', 'M', '1995-01-03', '3479 Drummond St, H2X 2G8, Montreal, QC, Canada');
INSERT INTO customers VALUES ('jack.smith@mail.mcgill.ca ', 'jacksmith', 'iudv4', 'M', '1995-01-04', '3480 Drummond St, H2X 2G8, Montreal, QC, Canada');
INSERT INTO customers VALUES ('jill.smith@mail.mcgill.ca ', 'jillsmith', 'iudv5', 'F', '1995-01-05', '3481 Drummond St, H2X 2G8, Montreal, QC, Canada');
INSERT INTO customers VALUES ('ja.rando@mail.mcgill.ca ', 'jarando', 'iudv6', 'F', '1995-01-06', '3482 Drummond St, H2X 2G8, Montreal, QC, Canada');
INSERT INTO customers VALUES ('emily.smith@mail.mcgill.ca ', 'emilysmith', 'iudv7', 'F', '1995-01-07', '3483 Drummond St, H2X 2G8, Montreal, QC, Canada');
INSERT INTO customers VALUES ('smith.emily@mail.mcgill.ca ', 'smithemily', 'iudv8', 'F', '1995-01-08', '3484 Drummond St, H2X 2G8, Montreal, QC, Canada');
INSERT INTO customers VALUES ('trser.rando@mail.mcgill.ca ', 'trserrrr', 'iudv9', 'M', '1995-01-09', '3485 Drummond St, H2X 2G8, Montreal, QC, Canada');
INSERT INTO customers VALUES ('smads@mail.mcgill.ca ', 'smadssss', 'iudv10', 'F', '1995-01-10', '3486 Drummond St, H2X 2G8, Montreal, QC, Canada');
INSERT INTO customers VALUES ('testCustomer1@mail.mcgill.ca', 'test1', 'test1', 'F', '1990-01-01', '1 imaginary road, H2X 2G2, Montreal QC, Canada');
INSERT INTO customers VALUES ('testCustomer2@mail.mcgill.ca', 'test2', 'test2', 'M', '1990-01-02', '2 imaginary road, H2X 2G2, Montreal QC, Canada');
INSERT INTO customers VALUES ('testCustomer3@mail.mcgill.ca', 'test3', 'test3', 'F', '1990-01-03', '3 imaginary road, H2X 2G2, Montreal QC, Canada');
INSERT INTO customers VALUES ('testCustomer4@mail.mcgill.ca', 'test4', 'test4', 'M', '1990-01-04', '4 imaginary road, H2X 2G2, Montreal QC, Canada');
INSERT INTO customers VALUES ('testCustomer5@mail.mcgill.ca', 'test5', 'test5', 'F', '1990-01-05', '5 imaginary road, H2X 2G2, Montreal QC, Canada');
INSERT INTO customers VALUES ('testCustomer6@mail.mcgill.ca', 'test6', 'test6', 'M', '1990-01-06', '6 imaginary road, H2X 2G2, Montreal QC, Canada');
INSERT INTO customers VALUES ('testCustomer7@mail.mcgill.ca', 'test7', 'test7', 'F', '1990-01-07', '7 imaginary road, H2X 2G2, Montreal QC, Canada');
INSERT INTO customers VALUES ('testCustomer8@mail.mcgill.ca', 'test8', 'test8', 'M', '1990-01-08', '8 imaginary road, H2X 2G2, Montreal QC, Canada');
INSERT INTO customers VALUES ('testCustomer9@mail.mcgill.ca', 'test9', 'test9', 'F', '1990-01-09', '9 imaginary road, H2X 2G2, Montreal QC, Canada');
INSERT INTO reviews VALUES ('saleh.bakhit@mail.mcgill.ca', 8770, 'M', '"The shoe fit splendidly."', 5.0);
INSERT INTO reviews VALUES ('afreen.aliya@mail.mcgill.ca ', 8773, 'F', '"A bit of a small fit - its still very comfortable!"', 4.0);
INSERT INTO reviews VALUES ('sami.sahnoune@mail.mcgill.ca ', 8771, 'M', '"Terrible shoe. Delete this."', 1.0);
INSERT INTO reviews VALUES ('ahmed.jamoussi@mail.mcgill.ca', 8772, 'M', '"Could have been better, but overall very happy with it"', 3.5);
INSERT INTO reviews VALUES ('saleh.bakhit@mail.mcgill.ca', 8778, 'M', '"Trash."', 1.5);
INSERT INTO items VALUES (100, 'saleh.bakhit@mail.mcgill.ca', 'In-Cart', 6790);
INSERT INTO items VALUES (101, 'afreen.aliya@mail.mcgill.ca ', 'In-Cart', 6791);
INSERT INTO items VALUES (102, 'sami.sahnoune@mail.mcgill.ca ', 'In-Cart', 5678);
INSERT INTO items VALUES (103, 'ahmed.jamoussi@mail.mcgill.ca', 'In-Cart', 7853);
INSERT INTO items VALUES (104, 'ahmed.jamoussi@mail.mcgill.ca', 'In-Cart', 5742);
INSERT INTO credit_cards VALUES ('5721627011784937', 'saleh.bakhit@mail.mcgill.ca', 'saleh bakhit ', '3445 Hutchison Street, H2X 2G2, Montreal, QC, Canada', 765, 'H1A0A1');
INSERT INTO credit_cards VALUES ('2903968403676975', 'afreen.aliya@mail.mcgill.ca ', 'afreen aliya', ' 123 random street, H2X 2GG, Montreal, QC, Canada', 786, 'H1A5N4');
INSERT INTO credit_cards VALUES ('7654343456547886', 'sami.sahnoune@mail.mcgill.ca ', 'sami sahnoune', '3484 rue Hutchison, H2X 2G8, Montreal, QC, Canada', 235, 'H1C1G1');
INSERT INTO credit_cards VALUES ('9485938086485604', 'ahmed.jamoussi@mail.mcgill.ca', 'jamouss ', '3476 Drummond St, H2X 2G8, Montreal, Q, Canada', 234, 'H1A2H7');
INSERT INTO credit_cards VALUES ('6845768947645876', 'emily.rando@mail.mcgill.ca ', 'erando', '3477 Drummond St, H2X 2G8, Montreal, Q, Canada', 248, 'H1B5W3');
INSERT INTO credit_cards VALUES ('6845768931212321', 'johnny.smith@mail.mcgill.ca ', 'johnny smith', '3478 Drummond St, H2X 2G8, Montreal, Q, Canada', 123, 'H1B5W3');
INSERT INTO credit_cards VALUES ('2132193231912393', 'jon.smith@mail.mcgill.ca ', 'jon smith', '3479 Drummond St, H2X 2G8, Montreal, Q, Canada', 322, 'H1B5W3');
INSERT INTO credit_cards VALUES ('1231231212312322', 'jack.smith@mail.mcgill.ca ', 'jack smith', '3480 Drummond St, H2X 2G8, Montreal, Q, Canada', 121, 'H1B5W3');
INSERT INTO credit_cards VALUES ('3210123921031931', 'jill.smith@mail.mcgill.ca ', 'jill smith', '3481 Drummond St, H2X 2G8, Montreal, Q, Canada', 123, 'H1B5W3');
INSERT INTO credit_cards VALUES ('1232132193121313', 'ja.rando@mail.mcgill.ca ', 'ja rando', '3482 Drummond St, H2X 2G8, Montreal, Q, Canada', 719, 'H1B5W3');
INSERT INTO credit_cards VALUES ('8992821829318292', 'emily.smith@mail.mcgill.ca ', 'emily smith', '3483 Drummond St, H2X 2G8, Montreal, Q, Canada', 231, 'H1B5W3');
INSERT INTO credit_cards VALUES ('1239292912882932', 'smith.emily@mail.mcgill.ca ', 'smith emily', '3484 Drummond St, H2X 2G8, Montreal, Q, Canada', 222, 'H1B5W3');
INSERT INTO credit_cards VALUES ('2139129123812932', 'trser.rando@mail.mcgill.ca ', 'trser', '3485 Drummond St, H2X 2G8, Montreal, Q, Canada', 120, 'H1B5W3');
INSERT INTO credit_cards VALUES ('1293129399219312', 'smads@mail.mcgill.ca ', 'smads', '3486 Drummond St, H2X 2G8, Montreal, Q, Canada', 843, 'H1B5W3');
INSERT INTO credit_cards VALUES ('5721627011784937', 'testCustomer1@mail.mcgill.ca', 'test1', '1 imaginary road, H2X 2G2, Montreal QC, Canada', 765, 'H2X2G2');
INSERT INTO credit_cards VALUES ('5721627011784937', 'testCustomer2@mail.mcgill.ca', 'test2', '2 imaginary road, H2X 2G2, Montreal QC, Canada', 765, 'H2X2G3');
INSERT INTO credit_cards VALUES ('5721627011784937', 'testCustomer3@mail.mcgill.ca', 'test3', '3 imaginary road, H2X 2G2, Montreal QC, Canada', 765, 'H2X2G4');
INSERT INTO credit_cards VALUES ('5721627011784937', 'testCustomer4@mail.mcgill.ca', 'test4', '4 imaginary road, H2X 2G2, Montreal QC, Canada', 765, 'H2X2G5');
INSERT INTO credit_cards VALUES ('5721627011784937', 'testCustomer5@mail.mcgill.ca', 'test5', '5 imaginary road, H2X 2G2, Montreal QC, Canada', 765, 'H2X2G6');
INSERT INTO credit_cards VALUES ('5721627011784937', 'testCustomer6@mail.mcgill.ca', 'test6', '6 imaginary road, H2X 2G2, Montreal QC, Canada', 765, 'H2X2G7');
INSERT INTO credit_cards VALUES ('5721627011784937', 'testCustomer7@mail.mcgill.ca', 'test7', '7 imaginary road, H2X 2G2, Montreal QC, Canada', 765, 'H2X2G8');
INSERT INTO credit_cards VALUES ('5721627011784937', 'testCustomer8@mail.mcgill.ca', 'test8', '8 imaginary road, H2X 2G2, Montreal QC, Canada', 765, 'H2X2G9');
INSERT INTO credit_cards VALUES ('5721627011784937', 'testCustomer9@mail.mcgill.ca', 'test9', '9 imaginary road, H2X 2G2, Montreal QC, Canada', 765, 'H2X2G10');
INSERT INTO shipments VALUES (45, '2019-02-26 02:10:11', '2019-03-27 16:02:12', 'A');
INSERT INTO shipments VALUES (67, '2019-02-27 02:10:11', '2019-03-28 16:02:12', 'A');
INSERT INTO shipments VALUES (90, '2019-02-28 02:10:11', '2019-03-29 16:02:12', 'A');
INSERT INTO shipments VALUES (34, '2019-03-01 02:10:11', '2019-03-30 16:02:12', 'A');
INSERT INTO shipments VALUES (66, '2019-03-02 02:10:11', '2019-03-31 16:02:12', 'A');
INSERT INTO invoices VALUES (678, 86.00, '2019-02-20 16:02:12', '5721627011784937', 'saleh.bakhit@mail.mcgill.ca', 45);
INSERT INTO invoices VALUES (679, 122.00, '2019-02-21 16:02:12', '2903968403676975', 'afreen.aliya@mail.mcgill.ca ', 67);
INSERT INTO invoices VALUES (680, 320.00, '2019-02-22 16:02:12', '7654343456547886', 'sami.sahnoune@mail.mcgill.ca ', 90);
INSERT INTO invoices VALUES (681, 45.00, '2019-02-23 16:02:12', '9485938086485604', 'ahmed.jamoussi@mail.mcgill.ca', 34);
INSERT INTO invoices VALUES (682, 189.00, '2019-02-24 16:02:12', '5721627011784937', 'saleh.bakhit@mail.mcgill.ca', 66);
INSERT INTO purchases VALUES (100, 'saleh.bakhit@mail.mcgill.ca', 678);
INSERT INTO purchases VALUES (101, 'afreen.aliya@mail.mcgill.ca ', 679);
INSERT INTO purchases VALUES (102, 'sami.sahnoune@mail.mcgill.ca ', 680);
INSERT INTO purchases VALUES (103, 'ahmed.jamoussi@mail.mcgill.ca', 681);
INSERT INTO purchases VALUES (104, 'ahmed.jamoussi@mail.mcgill.ca', 682);
